customer_id,churn_prediction,churn_probability
767114958,0,2.9e-05
708123033,0,0.000169
715424283,0,0.000232
717865008,0,2.2e-05
710188308,0,0.000623
716574033,0,7.8e-05
713183508,0,1.5e-05
718583133,0,0.000328
783554958,0,0.000115
714418158,0,2.1e-05
710061783,1,0.99981
716225433,0,6.6e-05
788327358,0,8.2e-05
714847983,0,1.9e-05
720031908,0,2.5e-05
713700258,0,3.6e-05
721265883,0,0.000439
715321008,1,0.999847
717831783,0,0.000195
711480108,0,0.000246
797638383,0,4.7e-05
709950858,0,1.7e-05
717060858,1,0.999909
716045508,0,0.000925
787482033,1,0.999249
719601708,0,2.8e-05
717683583,0,4.8e-05
813905508,0,0.000105
769985883,1,0.331395
718927533,0,0.000424
784868958,0,8.8e-05
787539333,0,4.1e-05
789871233,0,7e-05
826061508,0,0.000172
716354883,1,0.999867
717678408,0,2.7e-05
715341858,0,8.1e-05
713003358,1,0.999852
713374533,0,0.00019
709985133,0,0.000337
771204108,0,4.3e-05
713758758,0,0.000392
709453833,0,6.1e-05
713227233,0,2.5e-05
714967233,1,0.979529
714358008,0,0.000251
779514558,0,0.000102
794498733,0,2e-05
793015083,0,4.3e-05
789212883,1,0.999912
718677858,0,6.3e-05
713675658,0,9.5e-05
719523108,0,0.00025
708390633,0,0.000159
715098333,0,7.4e-05
712060158,0,3.1e-05
716831508,0,0.019612
778172583,0,0.000191
789430083,0,6e-05
709996833,1,0.996379
708890133,0,0.000248
773332908,0,2.4e-05
715870758,0,5.4e-05
789363408,0,1.8e-05
779118708,0,2.6e-05
710544033,0,1.6e-05
717500133,0,0.000412
712046808,1,0.996495
815484783,0,4.3e-05
713843283,0,1.1e-05
717260058,0,0.000149
773383158,0,5.2e-05
711041508,0,6.6e-05
816843933,0,2.3e-05
715043508,0,5.6e-05
717241233,0,8.4e-05
717521508,0,4e-05
708331758,0,0.000389
715571583,0,6.1e-05
711146358,0,0.000271
789594108,0,9.5e-05
779327733,0,0.000103
711391308,0,2e-05
718994583,0,0.000135
718212633,0,1.4e-05
711861258,0,0.000813
718123608,0,2.1e-05
718958583,1,0.996338
772207683,0,0.00013
719629308,1,0.966045
708303108,0,0.000124
788957358,0,0.00019
708727983,0,0.000421
714217908,0,0.006708
708928908,0,0.000617
712411908,0,4.1e-05
771075258,0,0.000495
717866133,0,5.6e-05
713652783,0,0.004439
714076683,1,0.999886
803963808,0,0.000472
778968408,0,6.5e-05
720064158,0,6.5e-05
778921908,0,2.6e-05
770878458,0,4.6e-05
786087633,0,9.7e-05
788752833,0,0.000108
766006758,0,0.000328
710342508,0,7.7e-05
711422358,0,0.000108
778574283,0,7.9e-05
709987683,1,0.999985
821168733,0,1.5e-05
717765183,0,3.5e-05
708723858,0,0.000158
720618033,0,7.8e-05
718899708,0,0.000363
716437533,0,0.000822
717491058,0,0.000273
711029358,0,0.002499
716768808,0,7.6e-05
801056358,0,2.5e-05
779210283,0,3.8e-05
718441308,0,1.1e-05
713241033,0,0.000115
711064008,0,0.000646
772137183,1,0.999851
788739633,1,0.99877
708953883,1,0.999906
716549058,0,0.000213
824789283,0,6.2e-05
788252358,0,1.4e-05
819752133,0,2.5e-05
716944983,0,0.000374
716545383,0,0.000326
720836808,0,3e-05
783361533,0,2e-05
710893533,0,0.001377
709793133,0,0.000406
716609433,1,0.999613
715222533,1,0.99948
713597658,1,0.994095
720837708,0,0.000272
786546783,0,0.02468
778747608,0,7.3e-05
801385458,0,3.3e-05
720844008,0,2.9e-05
754443033,1,0.999747
799486158,0,3e-05
798140283,0,0.001581
772036233,0,0.000414
711427458,0,0.061532
712727283,0,2.2e-05
710754933,1,0.999775
709938708,0,1.6e-05
710831133,0,0.000401
715570533,1,0.999538
794576058,0,6.5e-05
786557358,0,0.000269
708212658,0,0.000109
818993508,0,1.5e-05
718466883,0,2.4e-05
717085983,0,0.005189
709986633,0,0.000129
779348358,1,0.999843
752944533,0,0.001255
712340733,0,0.000148
814459833,0,0.001047
718373658,0,2.7e-05
771359958,0,7.4e-05
779198133,0,6.8e-05
788618208,0,0.000145
712288158,0,0.000251
711838008,1,0.999531
710202783,0,2.2e-05
771976683,0,0.000428
716176683,0,9.4e-05
711278283,0,0.000234
715019883,0,0.000337
720292983,0,8.6e-05
716498883,0,6e-05
713798958,0,0.000169
716939358,0,0.000216
709005633,1,0.999668
795573333,0,1.3e-05
771069033,0,1.1e-05
801709308,0,9e-06
716345283,0,0.000185
714835833,0,5.9e-05
779783508,0,2.8e-05
825767658,0,2.7e-05
717575958,1,0.999872
720753183,0,0.000222
711766758,0,0.000101
711397533,0,3e-05
767058183,0,0.000302
788864508,0,0.000313
778377183,0,0.00014
710844408,0,0.000233
714919308,1,0.999845
708874533,1,0.999942
778356408,0,2.8e-05
769035933,0,3.2e-05
771228183,0,7.5e-05
772539558,0,0.000469
714045783,1,0.999905
809797158,0,0.000288
719531133,0,0.001642
719192808,0,5.3e-05
720662508,0,9.5e-05
820848408,0,1.3e-05
712412958,0,0.000439
778984383,0,2.6e-05
712865583,0,1.6e-05
819997983,0,1.8e-05
718301508,0,0.00012
789197508,0,0.002988
809459733,0,0.000135
813901458,0,6.8e-05
772360683,0,0.000424
779725833,0,4.4e-05
712996833,0,6e-05
779681433,1,0.985152
787591008,0,1e-05
712642533,0,2.4e-05
721051908,0,0.000185
715503558,0,0.000161
709841433,0,0.000309
710424408,0,0.00582
709592808,0,1.3e-05
788038383,0,0.003863
714363858,0,2.9e-05
815015283,0,0.001275
771336783,0,4.1e-05
738899658,1,0.999245
796170933,0,0.005728
720992883,0,0.000128
712238958,0,2.6e-05
718530258,0,0.000833
711794358,1,0.996457
716366208,0,1.6e-05
770038983,1,0.999704
709937583,0,1.3e-05
787623858,0,0.000131
711676008,0,0.007485
812218908,1,0.999818
720281508,0,3.2e-05
721139808,0,0.000366
709990983,0,0.000179
718244958,0,0.000322
756639708,0,0.000142
718645308,0,2.4e-05
717389433,0,0.000362
779310033,1,0.999957
717192933,0,0.000127
718379358,0,3e-05
779661033,0,3.1e-05
715880283,0,8.2e-05
719469333,0,0.0001
708974283,0,8.7e-05
789859833,0,0.000452
772339383,0,0.000444
716319258,0,1.2e-05
720330558,1,0.999822
789827208,0,0.000125
751450008,0,0.000457
789791808,0,7.3e-05
717321783,0,0.000212
712549758,0,0.000843
712470033,0,0.000211
719291283,0,3.5e-05
720413658,0,2.8e-05
709230708,0,0.003464
708384033,1,0.975281
715029333,0,0.000154
771040758,0,0.001107
711635358,0,1.6e-05
716604633,0,0.000257
716438433,0,2.1e-05
711216933,0,2.6e-05
713916708,0,5.9e-05
710106933,0,0.000354
806189658,0,1.9e-05
770632758,0,0.00144
789238683,0,0.002209
711873033,1,0.997683
720384633,0,4.4e-05
712181658,0,2.6e-05
714957108,0,6.7e-05
720247158,0,0.000298
772313358,0,4.1e-05
803652633,0,0.000185
771422883,1,0.999896
718009158,0,1.3e-05
712612233,0,5.7e-05
709901058,0,1.8e-05
716682258,0,0.000239
711478233,0,0.020344
720040158,0,0.000128
720212508,0,8.6e-05
787605558,0,3.8e-05
780557658,0,0.000518
709952658,0,0.000177
793379058,0,1.9e-05
716971833,0,0.000143
720997383,1,0.998976
827111283,0,0.000184
769396158,1,0.999943
820085808,0,0.003115
780349833,0,6.6e-05
715964058,0,5.5e-05
771903033,0,8.5e-05
802668333,1,0.999284
718504983,0,0.000628
714882258,0,3.4e-05
714211533,0,0.000597
720198183,0,0.000488
803587533,0,3.3e-05
720050208,0,0.000107
771058908,0,0.000343
708971583,0,0.000247
788812608,0,0.000189
805282908,0,2.8e-05
717403158,0,0.001067
718418958,1,0.999951
721374033,0,2.6e-05
710849208,0,3.8e-05
771823308,0,0.000135
719019483,0,0.000277
769927533,0,5.6e-05
718951683,0,8.9e-05
709666908,0,3.6e-05
719857008,0,3e-05
788709408,0,3.1e-05
710641008,0,0.000108
815812683,0,0.000707
717624708,1,0.999967
789398733,0,1.8e-05
716136333,1,0.999345
715162608,1,0.999828
710822808,0,0.002782
714147858,0,0.000263
767333808,0,0.000391
719654283,0,2.5e-05
766273533,0,9.9e-05
779601783,0,0.000113
711370458,0,0.00033
715519983,0,1.2e-05
788782008,0,0.000422
787595658,0,0.000202
758211483,0,3.8e-05
710637183,0,6.4e-05
712144158,1,0.999562
715378383,0,4e-05
771061008,1,0.998683
719583558,0,7.1e-05
810986883,0,5e-05
788797983,0,0.000857
815104608,0,0.000417
715369008,0,5.8e-05
713418558,0,0.000607
708332808,0,9.4e-05
719729433,0,0.000724
789022233,0,8.1e-05
714234858,0,0.000299
709170108,1,0.999978
779727558,0,0.000961
708245808,0,0.000136
778255083,0,3.7e-05
718755483,0,0.000208
712627083,1,0.951679
788990508,0,6e-05
804437658,0,0.001318
778430733,0,0.000318
808747233,1,0.999784
710555433,1,0.991959
708826158,0,3.4e-05
717023508,0,0.000247
719694408,1,0.995161
710014683,0,6.4e-05
815596608,0,3.1e-05
712721358,1,0.999151
716870583,0,5.8e-05
780076833,0,3.2e-05
793616883,0,3.9e-05
789105183,0,0.000184
817970208,0,4.2e-05
779844408,1,0.999954
719206308,0,0.000143
721269108,0,4.6e-05
772139433,0,9.9e-05
717042333,1,0.999962
710273658,0,6.8e-05
716626008,0,3.3e-05
716230158,0,1.9e-05
713010483,0,5.6e-05
711220683,0,2e-05
721398858,0,5.2e-05
779400183,0,0.000262
789964983,1,0.999779
715102308,0,4e-05
712730583,0,0.002545
718870158,0,0.000149
719484408,0,0.000427
720244983,0,0.000104
781306758,1,0.999882
779412783,0,0.000199
721217283,0,0.000252
815062383,0,0.000145
714155283,0,0.000108
716981358,0,5.5e-05
824915208,0,9.7e-05
708498033,1,0.999364
716860233,0,3.3e-05
709839858,0,1.6e-05
713144208,1,0.999799
708573933,0,2.4e-05
712579983,0,1.7e-05
790099758,0,0.00078
711305208,0,7e-05
720062508,1,0.999855
708205083,0,6.2e-05
772336458,1,0.999867
710986758,0,0.000103
789271533,0,9.8e-05
711360783,0,8.9e-05
714035283,1,0.999901
720415833,0,5.1e-05
778873608,0,1.8e-05
718661958,0,0.012749
719026383,0,0.000543
710229333,0,0.000165
720437358,0,0.013423
811467708,0,6.2e-05
778933983,0,0.000164
719413383,0,7.6e-05
718252533,1,0.993963
718188858,0,8e-05
711382458,1,0.999222
721212258,0,1.5e-05
717600483,0,0.000427
761544333,0,0.000422
809425533,0,7.5e-05
709678608,0,5.5e-05
713151258,0,9.6e-05
715345833,0,0.000453
720776508,0,5.4e-05
720689583,0,6.1e-05
801728658,0,0.000354
718979733,0,0.001332
721163133,0,0.000672
710595783,0,0.000194
714781908,0,4.4e-05
709618308,0,9.7e-05
713971608,0,8.6e-05
718020408,0,1.9e-05
716513358,0,0.000394
710401458,0,0.003355
712177908,0,0.000124
719216508,0,2.4e-05
711017433,0,0.000235
788386908,0,9.6e-05
710819733,1,0.99866
711978858,0,4.1e-05
807136758,1,0.999706
716138958,0,0.000204
713070033,0,0.000311
827055333,0,0.006723
827408058,0,3.9e-05
793608258,1,0.999913
717013383,0,3.7e-05
714320358,0,0.003916
716948283,0,0.000271
717657333,0,0.003196
788687133,0,0.000603
710736558,0,0.000318
708721533,0,0.00245
817108083,1,0.999728
719737833,0,0.000383
813967983,0,1.3e-05
771464808,0,3.1e-05
713025558,1,0.998369
779016408,0,0.000441
712096758,0,4.9e-05
789523683,0,0.000167
713177808,0,2e-05
718777008,0,0.002142
711004533,0,7.1e-05
720046458,0,0.000266
710453283,0,0.017258
708736608,1,0.999643
778908783,0,5e-05
716056158,1,0.999822
773257233,0,2.8e-05
711371208,0,5.3e-05
711831558,0,3.1e-05
712164333,1,0.999774
780126033,1,0.999458
821889858,1,0.999779
779656908,0,3.8e-05
766821033,1,0.993122
789196158,0,0.003218
714228558,0,0.000347
827360883,0,0.000172
712815858,0,0.000585
714533058,0,7e-06
790149483,0,5.4e-05
771584658,0,0.00021
814181433,0,8.1e-05
788761608,0,5.6e-05
709009833,0,0.000142
708244458,0,0.000156
797998158,0,3.2e-05
808279158,0,0.000225
804601833,0,0.000214
789690483,0,0.001261
819109308,0,0.0033
739317558,0,3.5e-05
721305408,0,0.000222
716535408,0,2.7e-05
719391783,0,0.000107
780602733,0,2.1e-05
789556533,0,2.4e-05
713422083,1,0.9993
721506708,0,0.000326
715774833,0,0.000196
714962658,1,0.999973
783561558,0,0.000139
826709658,1,0.999929
790017858,0,0.000301
712319958,0,0.00027
717483558,0,5.4e-05
713985183,0,0.000185
708404883,0,0.004837
717208833,1,0.98877
816091608,0,9e-06
709087983,0,0.000305
710763783,0,9.6e-05
719018208,1,0.998663
713976258,0,1.4e-05
709554483,0,7.5e-05
794485158,0,5.1e-05
718795083,0,1.6e-05
826451433,0,5.1e-05
826717533,0,0.000103
715294083,1,0.964447
779187783,0,4.9e-05
719513733,0,3.1e-05
709816158,0,0.010806
711720408,0,9.9e-05
714960408,1,0.99995
770746908,0,4.2e-05
716101308,0,0.000324
809825358,0,2.8e-05
719826333,0,3.4e-05
710207208,0,0.000205
720128658,1,0.998993
780727833,0,0.000373
802247658,1,0.963648
717787533,0,0.052221
721115733,0,5.5e-05
709446783,0,0.00297
784719708,0,0.000114
718570158,0,0.003801
709965858,0,3.8e-05
757594083,0,8.4e-05
789599283,0,0.000106
718947558,0,4.1e-05
721147383,0,3.2e-05
720683958,0,0.005716
780657708,0,0.000257
713935533,0,2e-05
713948808,0,0.000224
715406658,1,0.999651
772640808,0,0.000128
708496833,1,0.99715
804847308,0,2e-05
716931183,0,7e-06
714030183,0,0.000837
809296308,0,7.8e-05
708358683,0,4.9e-05
794664183,0,4.3e-05
712475733,0,0.01341
708770883,0,0.000334
821339433,0,1.9e-05
709206333,1,0.999456
806914158,1,0.999968
709607733,0,1.8e-05
712843983,1,0.988789
780511683,1,0.992486
709161108,1,0.965392
708272808,0,5.7e-05
708680583,0,8.1e-05
708712833,0,0.000123
711947358,0,1.8e-05
719634408,0,0.000133
718267233,0,0.001123
715479483,0,0.000268
711164508,0,4.2e-05
719294433,0,3.9e-05
714412308,1,0.999655
716434533,1,0.999935
719061933,0,0.000621
719091333,0,8.4e-05
716573058,1,0.999816
740784258,0,1.3e-05
711863433,0,0.001035
780529908,0,4.1e-05
715132758,0,2.1e-05
713934633,1,0.996299
827423433,0,0.000198
708385533,1,0.998741
789407958,0,5.7e-05
712589658,0,0.000209
714759708,0,0.000176
826068183,0,0.000156
709913733,0,0.003657
789744033,0,0.000413
710926383,0,5.4e-05
714052158,1,0.999854
714900408,0,0.065079
787532808,0,1.9e-05
802449933,0,4.9e-05
755996583,1,0.999938
709625733,0,9.6e-05
719686458,0,0.007698
708642708,1,0.999983
790082508,0,0.001454
713205108,0,2.8e-05
710838108,0,0.000424
714427608,0,3.1e-05
711655683,0,6.7e-05
826168083,0,0.000164
708553008,0,0.01375
719554758,0,0.000156
820383558,0,2.8e-05
817293258,0,5.8e-05
709275558,0,0.001983
816078708,0,1.5e-05
719490108,0,0.00193
710410158,1,0.923337
813961233,0,2.7e-05
714259533,0,7.6e-05
713550483,0,0.000124
719073483,1,0.995451
710428308,0,1.5e-05
779340183,0,0.000218
788820933,0,7e-06
798022683,1,0.999733
717273333,0,8.3e-05
713952558,1,0.962682
712545183,0,0.00269
789611283,0,9.1e-05
713339283,0,4.4e-05
721032633,1,0.999899
719953383,0,0.000151
712814658,0,3e-05
711764733,0,0.002493
715915458,0,5.2e-05
720712533,0,3.3e-05
709984083,0,3e-05
719268333,0,4.3e-05
790048158,0,0.001429
717856983,0,0.000736
715545933,0,2.1e-05
709861008,0,7.6e-05
712863183,0,0.000292
712423233,0,1.3e-05
711648708,0,9.8e-05
714864333,1,0.999773
788830683,0,7.4e-05
719358333,0,0.000911
789541458,0,2.7e-05
711589758,0,2.1e-05
711574008,0,0.000537
779548008,0,0.000119
801037833,0,7.3e-05
720924633,0,0.001689
718596858,0,0.001122
737967708,0,2.2e-05
798110358,0,0.00195
789582483,0,1e-05
710529708,0,0.007666
789526458,0,0.005408
711039633,0,0.002856
828294933,1,0.999401
720422358,0,7e-05
720252858,0,0.001939
788966958,0,0.000375
714435408,0,9.2e-05
713453733,0,0.000146
711208083,0,1e-05
721220583,0,1.3e-05
720205608,0,0.000134
789983133,0,0.000168
787581858,0,0.000131
708705783,1,0.998884
717234183,0,0.000316
808705758,0,1.5e-05
711183558,0,0.007949
812979408,1,0.999912
715354008,0,9.3e-05
721062408,0,0.014889
712410858,0,2.1e-05
779116158,0,0.00102
712866933,0,3.3e-05
710411358,1,0.999795
771881283,0,0.00014
715363908,0,0.001592
789560433,1,0.999133
709752183,0,0.000106
807161508,0,0.000642
708393633,0,0.001856
771886233,0,2.6e-05
716930133,0,0.007669
809937933,0,3.5e-05
816596583,0,0.000334
718803333,0,0.000166
795237183,0,6.1e-05
720419358,0,2.7e-05
719514783,0,4.1e-05
780374133,0,4.7e-05
810868758,0,2.3e-05
714286383,0,3.1e-05
708588408,0,0.000302
813338733,0,9e-06
788826408,0,0.000153
713134458,0,0.000346
716350008,0,1.3e-05
738062658,0,2.6e-05
709449333,0,8e-06
718665933,0,0.000906
748503708,0,0.000122
807141183,0,0.000223
766381908,0,2.6e-05
822112383,0,3.5e-05
709061658,0,0.000269
797166633,0,1.4e-05
789435783,0,0.000165
708266883,1,0.9997
716793108,0,0.000101
712253058,0,5e-05
716430933,0,2.3e-05
715746633,0,0.0061
714842208,0,6.2e-05
713879283,0,0.000849
778679883,0,0.000317
712110333,1,0.999878
720724008,0,0.000117
708387933,0,0.000523
712165308,0,0.000102
720283758,1,0.999374
708473133,0,0.000454
810493458,0,0.000178
711122958,1,0.998884
721502958,0,0.001015
715908558,0,0.000209
711594858,0,0.000137
789513858,1,0.999833
712795833,1,0.998789
719628033,0,0.000424
718282983,0,4e-05
714121983,0,7.1e-05
709791333,0,8.3e-05
779916408,0,8.2e-05
711657783,0,0.0001
780203883,0,2.4e-05
709367433,0,0.000501
736145283,0,9.4e-05
711516783,0,0.002566
712104333,0,0.000408
711116133,1,0.999895
712988958,0,0.000114
771201408,0,1.8e-05
712011633,0,2.7e-05
713579733,0,2.4e-05
796544133,0,0.000303
709272333,0,2.2e-05
715153158,0,0.000109
779342958,0,0.000144
810545733,0,3.4e-05
805453908,0,9e-06
817086783,0,0.000353
714943233,0,3.6e-05
789097833,0,9.5e-05
759584958,1,0.999314
708886533,0,9e-06
708761733,0,0.023861
711600033,0,0.000268
769935783,0,0.00012
717446208,0,6.9e-05
721121283,0,4.1e-05
819151083,0,7e-05
716470683,0,0.000116
779643858,0,0.000258
787665258,1,0.999754
787475433,0,0.000319
717448383,1,0.999594
710812533,1,0.999865
716461683,0,2.4e-05
814571058,0,8.5e-05
712071708,0,0.004882
720769533,0,0.000743
794581533,0,4.6e-05
715732533,1,0.990559
708286683,0,4.3e-05
708543258,0,0.000124
713809833,0,1.4e-05
793636308,0,5.3e-05
789095958,1,0.998381
757722708,0,6e-05
738627708,1,0.999746
820353558,0,0.012163
718739508,0,0.01288
788943333,1,0.975701
708397008,0,1.6e-05
711392508,0,0.000234
780653208,0,6.9e-05
710251608,0,0.001369
719354433,0,4.2e-05
710676483,0,0.000133
826414083,0,7.5e-05
720673008,0,0.000577
716736858,0,2e-05
715660308,1,0.999583
785387883,0,0.000122
721028283,0,0.000158
717797658,0,0.000123
712390683,0,0.033727
717965808,0,0.000858
721514883,0,4.9e-05
718477983,0,0.000123
719671383,0,0.00017
711191808,0,0.001028
708637758,0,0.000915
794675058,1,0.999803
720508233,1,0.532491
713094483,0,0.001392
780064983,0,0.000127
710155158,1,0.999502
710904708,0,2.9e-05
801715383,1,0.999785
806889633,0,0.000804
794831733,0,0.000106
712019883,0,0.000165
770956158,0,0.000107
778386033,0,0.000914
708147108,0,1.8e-05
710310108,0,0.00025
771982083,0,6.9e-05
714754533,0,1.5e-05
717626508,0,4.3e-05
718328283,0,0.00024
716739258,0,0.000276
714277758,0,0.001327
720210483,0,5.8e-05
720411183,0,2.4e-05
711379083,0,1.9e-05
798558783,0,9e-06
713363583,0,1.9e-05
720339558,0,9e-05
715008858,0,2.7e-05
779037408,0,0.001386
721513833,0,0.000103
714311583,0,4.2e-05
797414733,0,0.002898
716864733,0,0.000108
712924383,1,0.99971
719854008,0,0.000216
771630783,0,4.2e-05
771471708,0,0.00013
769463433,0,0.000394
711377808,0,7.8e-05
713133258,0,0.000544
718162908,0,0.001906
713257083,0,1.2e-05
772687983,0,8e-06
711535158,1,0.998645
799700208,0,6.6e-05
717177783,0,0.000687
711402333,0,9.7e-05
714304458,0,0.000778
713347608,1,0.999699
718303683,1,0.999881
714317058,0,0.000132
718152333,1,0.999808
716385033,0,0.000117
720674133,0,0.013168
719153433,0,1.7e-05
712765158,0,0.002313
713229633,1,0.999706
712256358,0,0.000889
717656433,0,2.8e-05
771081558,0,5.4e-05
710702733,0,0.000404
779612808,0,0.000838
713904708,0,2.6e-05
716546283,0,0.000479
711670308,0,0.00044
710856558,0,3.2e-05
713639958,0,0.004852
716987358,1,0.999698
720008133,0,5.6e-05
710084883,0,4.9e-05
816476658,1,0.969262
778486008,0,0.000117
769053033,1,0.999846
716171358,0,4.5e-05
772684833,0,0.00011
709485033,0,4.5e-05
713352183,0,5.2e-05
712557708,0,0.000101
821149008,1,0.999473
711816108,1,0.999929
712532058,0,0.000187
718811058,0,2.8e-05
713696808,1,0.999967
753233733,0,8.5e-05
717030633,0,0.000104
718320933,0,8e-06
714608583,1,0.999527
715942683,0,7.3e-05
771356508,0,7.7e-05
711326583,0,0.009826
714621183,0,2.3e-05
712805658,0,0.000253
808981608,0,2.1e-05
718337733,0,5.7e-05
715921758,0,3.1e-05
779803008,0,1.9e-05
717195933,1,0.999982
712562433,1,0.999893
769578108,0,0.0007
715442958,0,5.1e-05
708402333,0,0.000203
719334408,0,0.000727
788246958,0,8.6e-05
780336258,0,0.000121
772706283,0,6.3e-05
780684933,0,1.1e-05
712927383,1,0.999966
712820208,0,4.3e-05
721434483,0,0.000472
720659283,0,0.000132
716004258,0,1.8e-05
713111883,0,0.000474
772248408,0,0.00017
787492908,0,1.5e-05
718227033,0,0.00011
711320508,0,2.7e-05
718828083,0,6.5e-05
709823733,1,0.998906
772116408,0,2.7e-05
717355533,0,2.1e-05
715932708,0,5e-05
719679858,0,0.003912
772323033,0,9.7e-05
714168183,0,0.00026
710719683,0,7.1e-05
719876808,0,0.000141
778894233,0,1.6e-05
712881483,0,0.054955
789481233,1,0.998792
714767508,0,0.000183
789144633,0,0.001459
710635083,0,0.006952
711557508,0,3.8e-05
720650208,0,0.000732
810856833,0,0.000122
712828533,0,0.084302
714503433,1,0.999933
817245183,0,7e-06
709106358,0,0.000404
720179883,0,0.000227
816756783,0,0.000107
812501358,0,4.4e-05
717203958,0,4.5e-05
719661558,0,0.000233
716297658,0,0.014376
756065433,0,0.000827
717076458,0,0.002937
716586408,0,0.000254
719776608,0,0.002342
710268858,0,0.000133
719400108,0,0.000689
715398858,0,0.000545
717359208,0,1.5e-05
788595183,0,0.000142
772082208,0,4.8e-05
720770883,0,0.000545
716263533,0,1.3e-05
719848008,0,0.000309
717073308,0,0.000634
716277558,0,0.002745
712010358,1,0.99963
709319658,1,0.999486
794665608,0,0.005435
708997833,0,4.2e-05
717135333,0,5.4e-05
795784008,1,0.999839
711728208,0,3e-05
737925558,0,4.2e-05
719147208,0,0.000123
715941633,0,0.002193
714078558,1,0.999724
719453283,0,2.2e-05
794507133,1,0.999351
710790258,0,0.000322
755953308,0,0.000276
712710708,0,0.000182
717843783,0,0.000236
710297133,0,2.9e-05
716222808,0,2.6e-05
714069858,0,0.000393
787659483,0,0.000509
757167633,0,4.3e-05
717207408,0,0.000777
778224858,0,1.8e-05
709103358,0,7.8e-05
816829608,0,0.004569
719838558,0,3.3e-05
718161708,0,0.010059
717382608,0,5.3e-05
711762408,0,2.8e-05
811571733,0,0.00081
779403558,0,0.000231
718399233,0,0.000924
711343233,0,0.000781
779536233,0,8.2e-05
718893333,0,4.5e-05
716697708,1,0.999924
708788583,1,0.999837
713808633,0,0.000331
721210158,0,0.000555
789666333,0,9.4e-05
710872233,1,0.735651
780497958,0,0.000152
798047583,0,0.000587
817089408,0,3.1e-05
787472283,0,2.3e-05
801786483,0,0.000325
709040508,0,2.3e-05
709257708,0,2.2e-05
753118533,0,6.5e-05
812222208,0,0.000413
714187533,0,0.000788
789180933,0,0.000183
718140783,0,0.000189
713924283,1,0.994259
713236458,0,0.000344
816315558,0,0.001091
770135358,0,4.2e-05
714284358,0,4.4e-05
712965183,0,4.5e-05
713668158,1,0.856618
784819758,0,1.8e-05
712025958,0,2.3e-05
713653983,0,1.8e-05
712619808,0,4.8e-05
710086308,0,1.4e-05
711781233,0,0.000407
708254733,0,0.004016
788930358,0,0.000365
714361083,1,0.999652
713253858,1,0.99978
771020133,0,0.000444
719593608,1,0.999822
714407058,0,0.000259
721282908,0,0.000554
771507258,0,0.000201
716285358,0,3.4e-05
711985833,0,0.082087
717182883,0,0.000134
714618333,0,3.4e-05
709443633,0,2.1e-05
778180158,0,5.9e-05
713755458,1,0.999917
767269908,0,0.00018
778231983,0,1.3e-05
769911858,0,0.000162
711866358,0,4.8e-05
774437583,0,6.4e-05
711232608,1,0.999628
721315233,0,2.1e-05
713401758,0,1.4e-05
769438608,1,0.999853
713172408,0,0.000103
778425408,0,6.1e-05
718611333,0,5.1e-05
771400608,0,0.000138
719990358,0,0.000154
714250908,1,0.99993
715992558,0,1.4e-05
713181558,0,0.000298
793597833,0,2.1e-05
816013383,1,0.999917
715518783,0,6.3e-05
779353083,0,0.0009
719881533,1,0.998019
792864858,0,0.000149
808681158,0,0.009189
717390408,1,0.991739
720551733,1,0.999804
772273983,1,0.999953
720648483,0,0.000122
721486908,0,0.000113
716657058,0,4.8e-05
713630733,0,0.002366
718586133,0,0.000113
717482658,0,0.000156
718503108,0,0.000591
714148758,0,0.038552
708902883,0,0.000273
771499233,0,2.3e-05
714113658,0,0.004475
713231658,0,9.9e-05
708319908,1,0.999877
715629783,0,6.7e-05
820587258,0,0.000933
771852483,0,0.000513
712578933,1,0.998007
711263058,0,2.8e-05
779405133,0,0.000213
716094333,0,1.3e-05
778837083,1,0.998523
712434708,1,0.999926
771431133,0,0.000425
709716258,0,2.3e-05
710464683,0,0.000101
787543008,0,7.5e-05
709363383,0,0.000112
817988433,0,1.5e-05
717189183,0,3.6e-05
710854008,0,0.001389
714531108,0,2.9e-05
778420383,0,0.00011
809068983,0,0.000161
713131158,1,0.999581
709649958,1,0.99939
754886958,0,0.000126
713476758,0,1.6e-05
709473708,0,3.6e-05
708190158,1,0.995421
719813058,0,0.000106
708158133,1,0.999831
815826708,0,9.8e-05
712682583,0,0.000282
714917583,0,2.8e-05
711577458,0,5.5e-05
717623583,0,0.000209
708899283,0,0.00585
720249183,0,0.000219
718653333,1,0.999975
721424583,0,5.9e-05
708451233,0,0.000239
788122533,0,0.002613
708298233,1,0.998582
711935283,1,0.999656
769892058,0,8.2e-05
717954333,0,9.5e-05
820108008,0,2.7e-05
712840608,0,0.000267
817240833,0,0.000217
771051783,0,0.002995
779895108,0,0.000395
714811533,0,0.000318
714945708,1,0.997593
712925808,1,0.999803
712302783,0,7.7e-05
710725383,0,5.2e-05
708710283,0,4.5e-05
708382083,0,0.000837
767404083,1,0.9999
773297508,0,0.000114
717478983,0,0.000148
709679658,0,2.5e-05
721427358,1,0.999883
718178583,0,0.000133
718489608,0,0.000374
721349883,0,0.001119
787505133,1,0.998941
711521958,0,5.4e-05
708271833,0,0.000528
711242058,1,0.999624
718524783,1,0.999719
715050408,0,5.7e-05
757527033,0,0.004295
717580458,1,0.993769
714938733,1,0.999948
719170683,0,0.000161
715347783,0,0.002172
790108908,0,3.3e-05
789218433,0,0.000178
789469083,0,0.000335
715797783,0,0.000687
713761608,0,0.000142
771669183,0,4.5e-05
779521533,0,9e-06
715554708,0,0.001175
767687208,0,1.1e-05
708655983,0,0.000515
720729108,0,4.6e-05
708722583,0,3.7e-05
715371108,1,0.999671
797238108,0,0.000116
718640508,0,0.00237
709487058,0,0.000118
712948383,0,0.000158
708469533,0,0.000183
709104333,0,0.004176
755420433,0,7.9e-05
718996758,0,0.003999
719445633,0,2.8e-05
709231683,0,0.001228
708846183,0,4.9e-05
826723308,0,1.5e-05
710825658,0,5.9e-05
796931508,1,0.999905
808753758,0,2.3e-05
789494133,0,0.000248
816312633,0,0.001263
720029508,0,0.000192
714971583,0,2.1e-05
789325008,0,8.5e-05
713287608,0,0.002069
754872333,0,0.000929
713573508,1,0.999926
718875483,0,3.5e-05
780237033,0,0.000114
710363433,0,0.000146
795232683,0,1e-05
719577258,1,0.999877
717400533,0,0.004314
713047608,1,0.999287
716645883,0,2.2e-05
709707033,1,0.999807
711112683,0,0.031891
799723908,0,1.3e-05
712290258,0,8.4e-05
710462433,0,1.5e-05
812446158,0,0.000176
788741733,0,1.7e-05
780201633,1,0.999883
713656308,0,0.001937
710749458,0,0.000746
817142433,0,0.000184
789491058,0,0.002293
812488608,0,0.000111
710563458,0,9e-06
716013858,0,0.000422
717890583,0,2.8e-05
789540108,0,5.1e-05
708753633,0,0.00033
772776033,0,0.000172
751283658,0,0.000164
711237633,1,0.999775
817197333,0,0.000996
718737708,0,0.000286
710507733,0,2.4e-05
712979133,1,0.853337
717975333,0,7.3e-05
787563858,0,3.6e-05
779442783,0,2.9e-05
720608658,0,1.8e-05
714524583,1,0.99972
713580633,0,0.008171
712214283,0,1.5e-05
720190083,1,0.999963
718394658,0,0.000111
708615183,0,2.8e-05
827476983,1,0.991199
803335008,0,2.9e-05
711658758,0,7.8e-05
721232058,0,0.000653
809599158,1,0.999919
717127083,0,8.6e-05
709243533,0,3e-05
711267633,1,0.999816
809849358,1,0.999436
720708183,0,7.3e-05
805259733,0,0.000825
712660308,1,0.999852
714296358,0,0.005194
823578483,0,0.000122
709749483,0,5.8e-05
715215108,0,5.4e-05
718415133,0,0.001837
710500983,1,0.995341
714970458,0,8.9e-05
708931908,0,3.2e-05
749571633,0,0.000114
801508383,0,1.7e-05
717185658,1,0.99985
812618883,0,0.000211
819002508,0,5.9e-05
710218233,0,0.000235
719344608,0,0.001034
718464258,0,0.000191
710512833,0,0.000456
718032483,0,3.3e-05
710159658,0,7.9e-05
715765758,0,0.005396
811700058,1,0.995273
806824908,0,3.6e-05
712428333,0,2.9e-05
710971908,0,5.7e-05
718011783,0,4.2e-05
721399833,0,0.000125
710975883,0,9e-05
712420833,0,0.000396
803115258,1,0.999857
721005108,0,1.7e-05
788610258,0,6.2e-05
716159958,0,9.5e-05
789231858,0,0.000116
719123958,1,0.99997
719337408,0,0.001679
779486433,0,0.000119
817337958,0,0.001473
712774908,0,0.001251
813234108,0,0.001275
792524358,0,0.000417
719282433,0,5e-05
720299283,0,1.8e-05
709479558,0,0.000574
716102583,0,0.000235
713733633,1,0.934884
795155433,0,1e-05
711783483,0,2.3e-05
721532583,1,0.919925
714753258,0,5.7e-05
721055058,0,0.000144
720510333,0,2.9e-05
718146258,0,0.000415
715664808,1,0.999886
719964933,0,6.6e-05
709173108,1,0.99993
719722308,0,0.000573
719666283,0,0.000465
780006783,1,0.999967
715601808,0,0.000355
769720683,0,2.7e-05
765692658,0,6e-05
717819633,0,5e-05
718699683,0,7.9e-05
797169633,0,0.000204
710636208,0,0.000216
709309308,1,0.999212
819690933,0,5.9e-05
711615933,0,0.000144
714933783,0,0.000126
778643733,1,0.999681
712867983,0,0.012055
718939083,1,0.999889
713512308,1,0.971067
790123983,0,3.5e-05
711153783,0,2.8e-05
744483633,0,0.000386
719971458,0,1.1e-05
716506083,1,0.999843
716329383,1,0.999314
719719158,0,0.000164
716107158,1,0.53032
714477408,1,0.999144
773146383,0,0.003287
708635058,0,1.7e-05
803421108,0,0.000523
716210283,0,2.2e-05
711315783,0,0.000977
712489158,0,0.000239
718576908,0,0.000103
753208833,0,0.000975
798546408,0,4.8e-05
827114058,0,0.000154
771453033,0,0.004498
718452633,1,0.999913
718026858,0,0.00011
721181883,0,0.000126
717609633,0,5.4e-05
710927733,0,5.2e-05
711551958,1,0.999893
716365233,0,3.7e-05
783121008,0,2.2e-05
716780283,0,0.000165
718471758,0,0.000126
756571983,0,0.003099
714700158,0,3.3e-05
794191008,0,4.6e-05
711000933,0,1e-05
789025083,0,4.8e-05
717074283,1,0.999708
714243408,0,7.9e-05
716462658,0,0.000645
719944458,0,2.7e-05
718866633,0,2.6e-05
714247458,0,0.00015
783910008,0,5.1e-05
714294183,1,0.999942
789530208,0,0.001041
714389058,0,5.9e-05
772661808,0,1e-05
710135058,0,4.3e-05
716805408,0,9e-06
789304983,0,0.000675
743912958,0,8.7e-05
715311183,0,1.9e-05
720264783,0,2.9e-05
788771733,0,7e-06
711724083,1,0.994291
717628608,0,0.007393
712319058,0,0.000197
772231233,0,0.000988
715315008,0,0.000214
778853358,0,0.000439
714581358,1,0.999913
710810883,0,5.5e-05
709879458,0,4.8e-05
811970808,0,4.8e-05
720015183,0,0.000106
708907833,0,6.2e-05
826261008,1,0.999833
794682483,0,0.000286
708098133,0,8.4e-05
711069483,0,0.00139
709537683,1,0.999003
710770383,0,0.000535
809811858,1,0.999672
772216833,0,5.4e-05
717830583,0,1.3e-05
713779908,0,0.000161
712507758,0,0.00098
716093133,0,0.000194
817382958,0,0.000187
714400308,0,3.2e-05
789466008,0,6.2e-05
710289783,1,0.997807
712659408,0,9e-06
788791383,0,0.000211
709822008,0,5.9e-05
816615633,0,0.035507
718521258,0,0.001307
713533983,0,0.000199
709444983,1,0.999845
717405408,0,5.4e-05
753226158,0,2.1e-05
780384483,1,0.999474
720096558,0,0.0004
778567983,0,8.7e-05
711649908,0,2.5e-05
718038483,0,3.2e-05
719519058,1,0.999877
770985633,0,0.000264
713600958,0,0.000445
719801508,0,7e-06
713686008,0,0.000109
720401658,1,0.998627
715572783,0,0.000509
817908783,0,0.000106
712361583,0,0.000213
709108533,0,4.7e-05
718490658,0,0.000352
790006383,0,0.001466
710744433,0,0.016384
780865308,0,0.002251
716643033,1,0.999942
789241308,1,0.999952
721344858,0,0.005157
717050883,0,8.3e-05
788979258,0,0.000128
719125158,0,0.001557
709545333,0,7.1e-05
721165608,0,0.000214
714652383,0,2.2e-05
737921733,1,0.20714
804428958,0,2.6e-05
720075558,0,0.001686
769676358,0,1.9e-05
716378658,0,0.01794
714479358,1,0.996888
712141683,0,0.000366
710005683,0,4.4e-05
721228308,1,0.999934
758833758,1,0.184239
787565433,0,0.001164
780253533,0,0.001649
714595983,1,0.999982
709547658,1,0.999858
711801933,1,0.999931
715808808,0,0.000183
711294258,0,0.000139
708542283,0,0.000316
787514433,0,0.000224
779773533,0,0.000688
807964908,0,3.4e-05
757753083,0,0.000866
779331558,0,0.000169
799026633,0,0.001306
719898108,0,2.7e-05
711252258,0,6.6e-05
719724933,0,4.8e-05
715413483,0,0.000106
751518633,1,0.99814
742552683,0,1.8e-05
756598833,0,0.001309
794562783,0,7.5e-05
779942808,0,6.5e-05
789151983,0,3.8e-05
779598183,0,4.8e-05
720714933,0,1.8e-05
708536283,1,0.999257
714548733,0,0.000209
713796033,1,0.996024
770817783,0,4.8e-05
716032233,0,1.5e-05
719806233,0,6.2e-05
712835433,0,0.000287
713975433,0,6.7e-05
715076358,1,0.999073
720731808,1,0.783164
714616308,0,4.6e-05
717502083,1,0.997278
789362058,0,0.000116
794530608,0,0.001473
709007883,0,8.6e-05
709219533,0,8e-05
787723758,0,9.4e-05
710968008,0,2e-05
780638958,0,2.6e-05
716951658,0,0.00088
715956258,0,0.006572
785119833,0,0.008912
710723958,0,0.000243
714011358,0,0.000202
717724233,0,0.000715
754671558,0,0.019728
794514108,0,7.2e-05
719385558,0,0.003473
712637283,0,0.000325
714222183,0,5.2e-05
709175208,0,2.8e-05
717112533,0,0.003638
714426783,0,4.5e-05
721448283,1,0.999756
782548758,0,3.1e-05
717561108,0,4.5e-05
720585183,0,0.001244
714643983,0,8.6e-05
712291308,0,5e-05
713036208,0,2.9e-05
709979583,0,0.001142
717517758,0,4e-05
717271983,0,1.7e-05
718528008,0,7.8e-05
719118708,1,0.99949
708657033,0,1.6e-05
717489033,1,0.994843
818926833,0,0.110599
708338958,0,8.2e-05
827683383,0,0.000244
717099408,0,0.000224
716878533,0,0.000377
797410983,0,0.000183
789625383,0,0.001483
709701558,0,2e-05
708334158,0,0.000149
710638233,1,0.99846
794496033,0,4.9e-05
709738008,0,1.8e-05
808756458,0,5.4e-05
710982858,0,5.7e-05
718451133,0,0.000114
717991533,0,1e-05
713104458,1,0.999953
715783758,0,9e-06
716891583,0,2.6e-05
714557583,0,0.000636
714840858,0,8.5e-05
788911458,0,3.3e-05
712521783,0,0.000683
716756133,0,0.000285
793550958,0,0.000286
768687183,0,6.9e-05
778170633,0,1e-05
789307833,0,0.00023
718291233,0,1.6e-05
718984533,0,5.9e-05
794293908,0,0.001296
708829758,0,0.000348
717016833,0,0.000318
711339258,0,3.8e-05
708754833,0,8.5e-05
716773533,0,0.000236
788896983,0,6.9e-05
715694433,0,8.5e-05
708403308,0,0.000377
715511658,0,3.2e-05
717327783,0,0.000146
717384183,0,0.000376
818929158,0,0.001018
789539058,0,0.000671
718357458,0,0.025621
709530408,0,0.001229
826245858,1,0.997328
716800908,0,0.00032
714425283,0,7.7e-05
718345233,1,0.367804
713128833,0,0.001767
769577358,0,0.000176
758824608,0,3.3e-05
716742483,0,0.000835
710905908,0,3.7e-05
712902483,0,1.2e-05
772105608,0,0.00019
809951133,1,0.920606
710015733,1,0.999625
716893683,1,0.999597
788808633,0,8.6e-05
714100008,1,0.998837
717211608,0,0.00015
711008508,0,0.000107
712899333,0,0.000498
714091983,0,4.8e-05
802878408,0,0.00039
715958583,0,3.4e-05
716142858,0,0.000128
720449208,0,4e-05
739021908,0,6.9e-05
817035108,0,9e-05
718957083,0,2.6e-05
712084383,0,2.1e-05
771952683,0,5.6e-05
719782458,0,2.1e-05
721164483,0,5.4e-05
806989008,0,2.8e-05
709624533,0,0.002056
710570058,1,0.999239
713114133,1,0.999574
771224358,0,0.000294
809440008,1,0.999958
785515533,0,0.002166
713709258,0,0.000227
708104658,0,0.00082
817958733,0,5.7e-05
721183983,0,4.9e-05
810220833,0,3.6e-05
713373708,1,0.999917
715710708,0,9e-06
717443658,0,6.1e-05
717915783,1,0.999562
779217333,0,3.1e-05
710794983,0,1.6e-05
795855258,0,0.001255
788719533,1,0.300604
720782658,0,1.5e-05
720034983,0,0.004059
713536158,0,2.7e-05
755262933,0,0.002772
719136183,0,2e-05
715898058,0,8.6e-05
716315508,1,0.999673
788667408,0,0.001201
768949983,0,0.000423
778882758,0,5.1e-05
709465758,0,0.000115
719781183,0,8.5e-05
720101658,0,0.002969
713782608,0,7e-05
802101858,0,0.001398
708757233,0,4.7e-05
709711758,1,0.999828
772000533,0,0.000551
720827133,1,0.999912
789903708,0,0.000117
719855958,0,1.9e-05
713254983,0,0.000142
709120008,0,0.01613
720927183,0,7.1e-05
716875083,0,0.000613
716988633,0,0.000129
711553308,0,0.000174
788802483,0,1.1e-05
708908883,0,5.3e-05
712644483,0,8.8e-05
716311683,0,0.000153
779707308,0,0.005593
720595083,0,0.000383
715034358,0,9.6e-05
720897783,0,4.7e-05
826513233,0,0.002099
826065258,0,0.000139
772426383,0,2.2e-05
717972408,0,3.4e-05
708888633,1,0.999937
714916758,0,0.000134
710888883,0,9.9e-05
717296808,0,0.000424
713847858,1,0.998431
768728508,0,2e-05
762020133,1,0.999938
710706558,0,0.037283
709278258,1,0.996509
710679933,1,0.990847
713152383,0,0.000109
771429408,0,0.000182
770721858,0,0.000139
778686408,0,4.6e-05
771682533,0,0.000455
712378983,1,0.995765
714615258,1,0.999881
713027058,1,0.999891
789485433,0,1.6e-05
716368008,1,0.950533
771935283,0,6.8e-05
779315508,1,0.988291
794843883,0,0.000233
822084333,1,0.999536
714893733,0,0.001227
719474583,0,0.006163
717141858,0,5e-05
712714008,0,3.5e-05
719570733,0,0.000141
720980958,0,0.000105
720964683,0,0.000152
718263108,1,0.996797
789101883,0,0.000192
809292483,0,0.000542
778973658,0,0.000438
708560733,0,0.000869
721171008,0,0.000949
781297983,0,0.004493
778228458,0,0.000545
797668983,0,7.5e-05
713492583,1,0.999877
715799808,1,0.99967
711647808,0,7.4e-05
720840108,0,0.000242
711349083,0,0.021448
721247883,0,1.1e-05
720497958,0,0.001186
719466558,0,0.000226
753220383,1,0.99981
757481283,0,0.000152
778506633,1,0.99988
819634233,1,0.999954
753795633,1,0.999375
715435758,0,1.5e-05
772063308,0,0.000138
718205283,0,2.3e-05
720863133,0,0.000104
709288383,0,2.1e-05
709213458,1,0.999807
708670608,0,6.8e-05
709150608,0,0.003083
713105508,0,0.000189
716303583,0,0.000174
787669233,0,7.9e-05
771488583,0,0.000197
708269583,0,0.000113
779809908,0,2.6e-05
720973833,0,0.002023
720236433,0,5.8e-05
717895833,0,3e-05
718921683,0,4.4e-05
713828208,0,0.000776
779241783,0,7.3e-05
797241108,0,5.9e-05
716635758,0,0.000322
714536208,0,0.009336
709372608,0,2.5e-05
769574883,0,0.024163
718286658,0,2.8e-05
714839808,0,2.8e-05
718342158,1,0.998699
778573233,0,5.3e-05
715680933,0,9.8e-05
708396033,0,3.1e-05
713356833,0,0.001049
814593858,0,6.5e-05
771592458,0,3.9e-05
827631483,0,2.5e-05
811721133,0,8.7e-05
720443358,0,1.6e-05
709477233,0,4.7e-05
711942783,0,0.000733
768848658,0,0.000302
788772708,0,5.7e-05
717109983,0,7.8e-05
712128258,0,0.000993
720621408,0,0.019498
710295858,0,5.5e-05
714647808,0,0.000119
712374708,0,7.6e-05
715547058,1,0.999908
720539583,0,8.2e-05
712952283,0,3.8e-05
710475408,0,2.8e-05
715007583,0,3.2e-05
713061558,1,0.199102
772288758,0,3.1e-05
713977308,0,9e-06
801064833,0,6.2e-05
708129933,0,0.000432
789167658,0,0.00073
720286908,0,1.8e-05
716565258,0,0.010335
708564858,1,0.999405
778895883,0,8.8e-05
709410033,0,0.000486
710745633,0,0.000102
709008708,0,0.00013
714738858,0,1.5e-05
713639058,1,0.999921
719739108,0,0.000596
826079508,0,3.8e-05
710795883,0,6.1e-05
710404533,0,0.000136
719359458,0,0.002788
821837958,0,0.000118
710691633,0,4.3e-05
779296908,0,0.00247
710797833,0,0.000383
804337233,0,4e-05
713823033,1,0.999911
720076458,0,4.5e-05
809818008,0,5.4e-05
717376758,0,3.6e-05
795844983,0,5.1e-05
789368658,0,0.000154
720462633,0,4.4e-05
708938508,0,0.000238
709560258,1,0.99726
717513933,0,0.003238
711113958,0,0.000903
713995233,0,2.3e-05
717906783,0,0.014877
716516208,0,0.000465
756658083,0,0.00023
718692258,0,8.6e-05
719816583,1,0.998374
787578183,0,1.2e-05
788699808,0,0.019601
809320908,0,0.000204
789942033,1,0.979293
714006333,1,0.998054
710813733,0,0.0001
711679533,0,0.000348
709212183,0,0.000377
807523008,0,9.3e-05
787480158,0,3.5e-05
711272058,0,2.7e-05
720033033,0,2.1e-05
794124708,0,0.000129
790164408,0,0.000171
714831033,0,0.000819
718731183,1,0.999778
827888433,0,0.000393
711992133,0,2.4e-05
711809283,0,0.00015
714574083,0,0.018721
769189083,0,0.000218
711968358,0,3e-05
711750183,0,0.000218
716511483,0,0.000131
800869758,0,2.7e-05
715235808,0,4.6e-05
714199983,0,2.4e-05
718540308,0,1.7e-05
716460933,0,4.9e-05
780277458,0,2e-05
798011733,0,4.6e-05
714046608,0,0.00044
713396358,0,0.000162
714005508,0,0.000147
717444558,0,2.6e-05
713905608,0,0.000548
711126483,0,0.001465
714602658,1,0.999941
716019333,0,1.5e-05
714869958,0,1.5e-05
778459833,0,0.000129
789309558,0,0.003019
756736008,0,0.001793
779883933,0,0.000666
709343433,0,0.000217
806908608,0,0.000138
720521808,0,0.001557
709523508,0,0.000241
708373083,1,0.991335
713325108,0,0.000377
819214233,0,0.000661
713188383,0,0.000892
770778108,0,1.7e-05
716610558,0,0.001677
715174158,0,0.000221
779608083,0,0.000177
780200208,0,4e-05
718675158,1,0.99979
817977933,1,0.999737
755273658,0,1.4e-05
715022133,0,0.001919
719804208,0,1e-05
780056733,0,7.6e-05
780373233,0,8.7e-05
817188408,0,0.000206
772073508,1,0.999932
803805483,0,6.2e-05
717823383,0,0.00012
789907533,1,0.999702
788259558,0,3.8e-05
815515158,0,1.9e-05
713884458,0,0.000286
789717708,0,7.6e-05
708160008,0,1.4e-05
708702258,1,0.999146
789023508,0,7.3e-05
719265108,0,0.002298
813213558,0,0.000714
802460433,1,0.999916
717995958,0,9.1e-05
710697408,0,5.2e-05
805458933,0,0.000135
713850783,0,0.000222
713876958,0,0.000677
718926258,0,0.000284
717585858,0,1.9e-05
710303208,0,0.000252
770647233,0,0.000409
715459158,0,2.6e-05
789185508,0,0.000973
779305008,0,0.000291
713343333,0,3.2e-05
749067633,0,0.000673
811713408,0,3.6e-05
789990333,0,0.000415
788770908,0,0.000988
709411383,0,2.8e-05
708361833,0,6.4e-05
712801758,0,7.5e-05
721179708,0,0.000162
708511983,0,0.000115
711388458,0,7.6e-05
720486408,0,0.000295
709157133,0,0.000203
712240083,1,0.999921
782802033,1,0.999725
712091433,0,0.000213
720494058,0,7.1e-05
710277183,0,1e-05
789804933,0,3.6e-05
719022558,0,9e-06
714573258,0,0.000948
709919283,0,0.000104
716481408,0,0.000412
719038008,0,0.00208
793456983,0,7.1e-05
720597108,1,0.999577
715233108,0,1.3e-05
709220583,0,0.001486
779324358,0,0.063216
712112733,0,3.7e-05
714443058,1,0.999868
711109908,0,0.000105
717464958,0,0.000674
713701533,0,6e-05
772565883,0,1.2e-05
758765808,1,0.805973
716851908,0,5.4e-05
721500108,0,6.3e-05
820268358,0,1.3e-05
717171408,0,0.000795
713567958,0,0.000205
716512383,0,0.009286
713008308,0,0.000182
780942633,0,0.000531
716249508,0,3.8e-05
714909108,0,0.001097
778708533,1,0.999448
772725408,0,2e-05
709534083,1,0.999955
817144458,0,8.8e-05
807157833,0,1.1e-05
716371308,0,0.000399
716332533,0,0.000182
716924958,1,0.999785
720904233,0,0.000162
711964533,0,4.8e-05
788715483,0,1.3e-05
788832033,0,0.000135
716022258,1,0.999629
712208658,0,7.8e-05
710482533,0,6.8e-05
717661908,0,6.1e-05
720254883,0,0.000141
719532108,0,0.003694
779610033,1,0.999627
819977058,0,1.4e-05
772202058,0,0.000579
717658758,0,0.000103
720467583,0,1.2e-05
713314533,1,0.999031
719318583,1,0.999885
789122808,1,0.998871
708525108,0,7e-06
779662308,0,0.000573
717180633,0,0.001968
713000058,0,0.001648
709747308,0,3.2e-05
712235433,1,0.999667
712405908,0,8.6e-05
778885158,0,5.2e-05
789143283,0,3.1e-05
721233033,1,0.999533
718486608,0,2.3e-05
713249883,0,2.3e-05
797743233,0,2.2e-05
778346283,0,0.001471
721113333,0,0.000347
720707283,0,0.00271
788997408,0,0.000378
710456658,0,0.000109
808796208,0,5.7e-05
713685033,1,0.999827
788912658,0,8.7e-05
712157958,1,0.993396
711148308,0,0.000145
719117433,0,0.002654
